Nr,Rendi,Familja,Lloji,Referenca
1,Lepidoptera,Crambidae,"Cydalima perspectalis (Walker, 1859)","(Geci & Ibrahimi, 2018)"
2,Lepidoptera,Geomentriade,"Abraxas grossulariata (Linnaeus, 1758)","(Bytyçi et al., 2022)"
3,Lepidoptera,Geomentriade,"Agriopis aurantiaria (Hübner, 1799)","(Bytyçi et al., 2022)"
4,Lepidoptera,Geomentriade,"Agriopis bajaria (Denis & Schiffermüller, 1775)","(Bytyçi et al., 2022)"
5,Lepidoptera,Geomentriade,"Agriopis leucophaearia (Denis & Schiffermüller, 1775)","(Bytyçi et al., 2022)"
6,Lepidoptera,Geomentriade,"Agriopis marginaria Fabricius, 1776","(Bytyçi et al., 2022)"
7,Lepidoptera,Geomentriade,"Alcis jubata (Thunberg, 1788)","(Bytyçi et al., 2022)"
8,Lepidoptera,Geomentriade,"Alcis repandata (Linnaeus, 1758)","(Bytyçi et al., 2022)"
9,Lepidoptera,Geomentriade,"Aleucis orientalis (Staudinger, 1892)","(Bytyçi et al., 2022)"
10,Lepidoptera,Geomentriade,"Alsophila aceraria (Denis & Schiffermüller, 1775)","(Bytyçi et al., 2022)"
11,Lepidoptera,Geomentriade,"Alsophila aescularia (Denis & Schiffermüller, 1775)","(Bytyçi et al., 2022)"
12,Lepidoptera,Geomentriade,"Angerona prunaria (Linnaeus, 1758)","(Bytyçi et al., 2022)"
13,Lepidoptera,Geomentriade,"Anticlea derivata (Denis & Schiffermüller, 1775)","(Bytyçi et al., 2022)"
14,Lepidoptera,Geomentriade,"Apeira syringaria (Linnaeus, 1758)","(Bytyçi et al., 2022)"
15,Lepidoptera,Geomentriade,"Aplasta ononaria (Fuessly, 1783)","(Bytyçi et al., 2022)"
16,Lepidoptera,Geomentriade,"Aplocera efformata (Guenée, 1858)","(Bytyçi et al., 2022)"
17,Lepidoptera,Geomentriade,"Aplocera plagiata (Linnaeus, 1758)","(Bytyçi et al., 2022)"
18,Lepidoptera,Geomentriade,"Aplocera praeformata (Hübner, 1826)","(Bytyçi et al., 2022)"
19,Lepidoptera,Geomentriade,"Aplocera simpliciata (Treitschke, 1835)","(Bytyçi et al., 2022)"
20,Lepidoptera,Geomentriade,"Apocheima hispidaria (Denis & Schiffermüller, 1775)","(Bytyçi et al., 2022)"
21,Lepidoptera,Geomentriade,"Artiora evonymaria (Denis & Schiffermüller, 1775)","(Bytyçi et al., 2022)"
22,Lepidoptera,Geomentriade,"Asovia maeoticaria (Alphéraky, 1876)","(Bytyçi et al., 2022)"
23,Lepidoptera,Geomentriade,"Aspitates gilvaria (Denis & Schiffermüller, 1775)","(Bytyçi et al., 2022)"
24,Lepidoptera,Geomentriade,"Aspitates ochrearia (Rossi, 1794)","(Bytyçi et al., 2022)"
25,Lepidoptera,Geomentriade,"Asthena albulata (Hufnagel, 1767)","(Bytyçi et al., 2022)"
26,Lepidoptera,Geomentriade,"Biston betularia (Linnaeus, 1758)","(Bytyçi et al., 2022)"
27,Lepidoptera,Geomentriade,"Biston strataria (Hufnagel, 1767)","(Bytyçi et al., 2022)"
28,Lepidoptera,Geomentriade,"Bupalus piniaria (Linnaeus, 1758)","(Bytyçi et al., 2022)"
29,Lepidoptera,Geomentriade,"Cabera exanthemata (Scopoli, 1763)","(Bytyçi et al., 2022)"
30,Lepidoptera,Geomentriade,"Cabera pusaria (Linnaeus, 1758)","(Bytyçi et al., 2022)"
31,Lepidoptera,Geomentriade,"Campaea margaritaria (Linnaeus, 1761)","(Bytyçi et al., 2022)"
32,Lepidoptera,Geomentriade,"Camptogramma bilineata (Linnaeus, 1758)","(Bytyçi et al., 2022)"
33,Lepidoptera,Geomentriade,"Camptogramma scripturata (Hübner, 1799)","(Bytyçi et al., 2022)"
34,Lepidoptera,Geomentriade,"Carsia lythoxylata (Hübner, 1799)","(Bytyçi et al., 2022)"
35,Lepidoptera,Geomentriade,"Cataclysme riguata (Hübner, 1813)","(Bytyçi et al., 2022)"
36,Lepidoptera,Geomentriade,"Catarhoe cuculata (Hufnagel, 1767)","(Bytyçi et al., 2022)"
37,Lepidoptera,Geomentriade,"Catarhoe rubidata (Denis & Schiffermüller, 1775)","(Bytyçi et al., 2022)"
38,Lepidoptera,Geomentriade,"Charissa glaucinaria (Hübner, 1799)","(Bytyçi et al., 2022)"
39,Lepidoptera,Geomentriade,"Charissa graecaria (Staudinger, 1871)","(Bytyçi et al., 2022)"
40,Lepidoptera,Geomentriade,"Charissa obscurata (Denis & Schiffermüller, 1775)","(Bytyçi et al., 2022)"
41,Lepidoptera,Geomentriade,"Charissa pullata (Denis & Schiffermüller, 1775)","(Bytyçi et al., 2022)"
42,Lepidoptera,Geomentriade,"Charissa variegata (Duponchel, 1830)","(Bytyçi et al., 2022)"
43,Lepidoptera,Geomentriade,"Chiasmia clathrata (Linnaeus, 1758)","(Bytyçi et al., 2022)"
44,Lepidoptera,Geomentriade,"Chlorissa cloraria (Hübner, 1813)","(Bytyçi et al., 2022)"
45,Lepidoptera,Geomentriade,"Chlorissa viridata (Linnaeus, 1758)","(Bytyçi et al., 2022)"
46,Lepidoptera,Geomentriade,"Chloroclysta siterata (Hufnagel, 1767)","(Bytyçi et al., 2022)"
47,Lepidoptera,Geomentriade,"Cidaria fulvata (Forster, 1771)","(Bytyçi et al., 2022)"
48,Lepidoptera,Geomentriade,"Cleora cinctaria (Denis & Schiffermüller, 1775)","(Bytyçi et al., 2022)"
49,Lepidoptera,Geomentriade,"Coenotephria ablutaria (Boisduval, 1840)","(Bytyçi et al., 2022)"
50,Lepidoptera,Geomentriade,"Colostygia aqueata (Hübner, 1813)","(Bytyçi et al., 2022)"
51,Lepidoptera,Geomentriade,"Colostygia olivata (Denis & Schiffermüller, 1775)","(Bytyçi et al., 2022)"
52,Lepidoptera,Geomentriade,"Colostygia pectinataria (Knoch, 1781)","(Bytyçi et al., 2022)"
53,Lepidoptera,Geomentriade,"Colotois pennaria (Linnaeus, 1761)","(Bytyçi et al., 2022)"
54,Lepidoptera,Geomentriade,"Comibaena bajularia (Denis & Schiffermüller, 1775)","(Bytyçi et al., 2022)"
55,Lepidoptera,Geomentriade,"Cosmorhoe ocellata (Linnaeus, 1758)","(Bytyçi et al., 2022)"
56,Lepidoptera,Geomentriade,"Costaconvexa polygrammata (Borkhausen, 1794)","(Bytyçi et al., 2022)"
57,Lepidoptera,Geomentriade,"Crocallis elinguaria (Linnaeus, 1758)","(Bytyçi et al., 2022)"
58,Lepidoptera,Geomentriade,"Crocallis tusciaria (Borkhausen, 1793)","(Bytyçi et al., 2022)"
59,Lepidoptera,Geomentriade,"Cyclophora albiocellaria (Hübner, 1789)","(Bytyçi et al., 2022)"
60,Lepidoptera,Geomentriade,"Cyclophora annularia (Fabricius, 1775)","(Bytyçi et al., 2022)"
61,Lepidoptera,Geomentriade,"Cyclophora linearia (Hübner, 1799)","(Bytyçi et al., 2022)"
62,Lepidoptera,Geomentriade,"Cyclophora porata (Linnaeus, 1767)","(Bytyçi et al., 2022)"
63,Lepidoptera,Geomentriade,"Cyclophora punctaria (Linnaeus, 1758)","(Bytyçi et al., 2022)"
64,Lepidoptera,Geomentriade,"Cyclophora quercimontaria (Bastelberger, 1897)","(Bytyçi et al., 2022)"
65,Lepidoptera,Geomentriade,"Cyclophora ruficiliaria (Herrich-Schäffer, 1855)","(Bytyçi et al., 2022)"
66,Lepidoptera,Geomentriade,"Cyclophora suppunctaria (Zeller, 1847)","(Bytyçi et al., 2022)"
67,Lepidoptera,Geomentriade,"Dasycorsa modesta (Staudinger, 1879)","(Bytyçi et al., 2022)"
68,Lepidoptera,Geomentriade,"Dyscia conspersaria (Denis & Schiffermüller, 1775)","(Bytyçi et al., 2022)"
69,Lepidoptera,Geomentriade,"Dyscia innocentaria (Christoph, 1885)","(Bytyçi et al., 2022)"
70,Lepidoptera,Geomentriade,"Earophila badiata (Denis & Schiffermüller, 1775)","(Bytyçi et al., 2022)"
71,Lepidoptera,Geomentriade,"Ecliptopera silaceata (Denis & Schiffermüller, 1775)","(Bytyçi et al., 2022)"
72,Lepidoptera,Geomentriade,"Ectropis crepuscularia (Denis & Schiffermüller, 1775)","(Bytyçi et al., 2022)"
73,Lepidoptera,Geomentriade,"Eilicrinia cordiaria (Hübner, 1790)","(Bytyçi et al., 2022)"
74,Lepidoptera,Geomentriade,"Eilicrinia trinotata (Metzner, 1845)","(Bytyçi et al., 2022)"
75,Lepidoptera,Geomentriade,"Ematurga atomaria (Linnaeus, 1758)","(Bytyçi et al., 2022)"
76,Lepidoptera,Geomentriade,"Ennomos erosaria (Denis & Schiffermüller, 1775)","(Bytyçi et al., 2022)"
77,Lepidoptera,Geomentriade,"Ennomos fuscantaria (Haworth, 1809)","(Bytyçi et al., 2022)"
78,Lepidoptera,Geomentriade,"Ennomos quercaria (Hübner, 1813)","(Bytyçi et al., 2022)"
79,Lepidoptera,Geomentriade,"Ennomos quercinaria (Hufnagel, 1767)","(Bytyçi et al., 2022)"
80,Lepidoptera,Geomentriade,"Entephria caesiata (Denis & Schiffermüller, 1775)","(Bytyçi et al., 2022)"
81,Lepidoptera,Geomentriade,"Entephria cyanata (Hübner, 1809)","(Bytyçi et al., 2022)"
82,Lepidoptera,Geomentriade,"Entephria flavicinctata (Hübner, 1813)","(Bytyçi et al., 2022)"
83,Lepidoptera,Geomentriade,"Epirrhoe alternata (O. F. Müller, 1764)","(Bytyçi et al., 2022)"
84,Lepidoptera,Geomentriade,"Epirrhoe galiata (Denis & Schiffermüller, 1775)","(Bytyçi et al., 2022)"
85,Lepidoptera,Geomentriade,"Epirrhoe tristata (Linnaeus, 1758)","(Bytyçi et al., 2022)"
86,Lepidoptera,Geomentriade,"Epirrita christyi (Allen, 1906)","(Bytyçi et al., 2022)"
87,Lepidoptera,Geomentriade,"Epirrita dilutata (Denis & Schiffermüller, 1775)","(Bytyçi et al., 2022)"
88,Lepidoptera,Geomentriade,"Erannis defoliaria (Clerck, 1759)","(Bytyçi et al., 2022)"
89,Lepidoptera,Geomentriade,"Euchoeca nebulata (Scopoli, 1763)","(Bytyçi et al., 2022)"
90,Lepidoptera,Geomentriade,"Eucrostes indigenata (de Villers, 1789).","(Bytyçi et al., 2022)"
91,Lepidoptera,Geomentriade,"Eulithis populata (Linnaeus, 1758)","(Bytyçi et al., 2022)"
92,Lepidoptera,Geomentriade,"Eulithis prunata (Linnaeus, 1758)","(Bytyçi et al., 2022)"
93,Lepidoptera,Geomentriade,"Euphyia adumbraria (Herrich-Schaffer, 1852)","(Bytyçi et al., 2022)"
94,Lepidoptera,Geomentriade,"Euphyia frustata (Treitschke, 1828)","(Bytyçi et al., 2022)"
95,Lepidoptera,Geomentriade,"Eupithecia abietaria (Goeze, 1781)","(Bytyçi et al., 2022)"
96,Lepidoptera,Geomentriade,"Eupithecia centaureata (Denis & Schiffermüller, 1775)","(Bytyçi et al., 2022)"
97,Lepidoptera,Geomentriade,"Eupithecia cretaceata (Packard, 1874)","(Bytyçi et al., 2022)"
98,Lepidoptera,Geomentriade,"Eupithecia distinctaria Herrich-Schaffer, 1848","(Bytyçi et al., 2022)"
99,Lepidoptera,Geomentriade,"Eupithecia druentiata Dietze, 1902","(Bytyçi et al., 2022)"
100,Lepidoptera,Geomentriade,"Eupithecia extraversaria Herrich-Schaffer, 1852","(Bytyçi et al., 2022)"
101,Lepidoptera,Geomentriade,"Eupithecia extremata (Fabricius, 1787)","(Bytyçi et al., 2022)"
102,Lepidoptera,Geomentriade,"Eupithecia icterata (de Villers, 1789)","(Bytyçi et al., 2022)"
103,Lepidoptera,Geomentriade,"Eupithecia impurata (Hübner, 1813)","(Bytyçi et al., 2022)"
104,Lepidoptera,Geomentriade,"Eupithecia innotata (Hufnagel, 1767)","(Bytyçi et al., 2022)"
105,Lepidoptera,Geomentriade,"Eupithecia insigniata (Hübner, 1790)","(Bytyçi et al., 2022)"
106,Lepidoptera,Geomentriade,"Eupithecia intricata (Zetterstedt, 1839)","(Bytyçi et al., 2022)"
107,Lepidoptera,Geomentriade,"Eupithecia pusillata (Denis & Schiffermüller, 1775):","(Bytyçi et al., 2022)"
108,Lepidoptera,Geomentriade,"Eupithecia satyrata (Hübner, 1813)","(Bytyçi et al., 2022)"
109,Lepidoptera,Geomentriade,"Eupithecia silenata Assmann, 1848","(Bytyçi et al., 2022)"
110,Lepidoptera,Geomentriade,"Eupithecia silenicolata Mabille, 1867","(Bytyçi et al., 2022)"
111,Lepidoptera,Geomentriade,"Eupithecia subfuscata (Haworth, 1809)","(Bytyçi et al., 2022)"
112,Lepidoptera,Geomentriade,"Eupithecia subumbrata (Denis & Schiffermüller, 1775)","(Bytyçi et al., 2022)"
113,Lepidoptera,Geomentriade,"Eupithecia undata (Freyer, 1840)","(Bytyçi et al., 2022)"
114,Lepidoptera,Geomentriade,"Eupithecia veratraria Herrich-Schaffer, 1848","(Bytyçi et al., 2022)"
115,Lepidoptera,Geomentriade,"Eupithecia vulgata (Haworth, 1809)","(Bytyçi et al., 2022)"
116,Lepidoptera,Geomentriade,"Fagivorina arenaria (Hufnagel, 1767)","(Bytyçi et al., 2022)"
117,Lepidoptera,Geomentriade,"Gandaritis pyraliata (Denis &Schiffermüller, 1775)","(Bytyçi et al., 2022)"
118,Lepidoptera,Geomentriade,"Geometra papilionaria (Linnaeus, 1758)","(Bytyçi et al., 2022)"
119,Lepidoptera,Geomentriade,"Gnophos obfuscata (Denis & Schiffermüller, 1775)","(Bytyçi et al., 2022)"
120,Lepidoptera,Geomentriade,"Gymnoscelis rufifasciata (Haworth, 1809)","(Bytyçi et al., 2022)"
121,Lepidoptera,Geomentriade,"Heliomata glarearia (Denis & Schiffermüller, 1775)","(Bytyçi et al., 2022)"
122,Lepidoptera,Geomentriade,"Hemistola chrysoprasaria (Esper, 1795)","(Bytyçi et al., 2022)"
123,Lepidoptera,Geomentriade,"Horisme corticata (Treitschke, 1835)","(Bytyçi et al., 2022)"
124,Lepidoptera,Geomentriade,"Horisme tersata (Denis & Schiffermüller, 1775)","(Bytyçi et al., 2022)"
125,Lepidoptera,Geomentriade,"Horisme vitalbata (Denis & Schiffermüller, 1775)","(Bytyçi et al., 2022)"
126,Lepidoptera,Geomentriade,"Hydriomena furcata (Thunberg, 1784)","(Bytyçi et al., 2022)"
127,Lepidoptera,Geomentriade,"Hylaea fasciaria (Linnaeus, 1758)","(Bytyçi et al., 2022)"
128,Lepidoptera,Geomentriade,"Hypomecis punctinalis (Scopoli, 1763)","(Bytyçi et al., 2022)"
129,Lepidoptera,Geomentriade,"Hypomecis roboraria (Denis & Schiffermüller, 1775)","(Bytyçi et al., 2022)"
130,Lepidoptera,Geomentriade,"Idaea aureolaria (Denis & Schiffermüller, 1775)","(Bytyçi et al., 2022)"
131,Lepidoptera,Geomentriade,"Idaea aversata (Linnaeus, 1758)","(Bytyçi et al., 2022)"
132,Lepidoptera,Geomentriade,"Idaea biselata (Hufnagel, 1767)","(Bytyçi et al., 2022)"
133,Lepidoptera,Geomentriade,"Idaea camparia (Herrich-Schaffer, 1852)","(Bytyçi et al., 2022)"
134,Lepidoptera,Geomentriade,"Idaea degeneraria (Hübner, 1799)","(Bytyçi et al., 2022)"
135,Lepidoptera,Geomentriade,"Idaea deversaria (Herrich-Schaffer, 1847)","(Bytyçi et al., 2022)"
136,Lepidoptera,Geomentriade,"Idaea dilutaria (Hübner, 1799)","(Bytyçi et al., 2022)"
137,Lepidoptera,Geomentriade,"Idaea distinctaria (Boisduval, 1840)","(Bytyçi et al., 2022)"
138,Lepidoptera,Geomentriade,"Idaea filicata (Hübner, 1798)","(Bytyçi et al., 2022)"
139,Lepidoptera,Geomentriade,"Idaea fuscovenosa (Goeze, 1781)","(Bytyçi et al., 2022)"
140,Lepidoptera,Geomentriade,"Idaea humiliata (Hufnagel, 1767)","(Bytyçi et al., 2022)"
141,Lepidoptera,Geomentriade,"Idaea obsoletaria (Rambur, 1833)","(Bytyçi et al., 2022)"
142,Lepidoptera,Geomentriade,"Idaea ochrata (Scopoli, 1763)","(Bytyçi et al., 2022)"
143,Lepidoptera,Geomentriade,"Idaea ostrinaria (Hübner, 1813)","(Bytyçi et al., 2022)"
144,Lepidoptera,Geomentriade,"Idaea pallidata (Denis & Schiffermüller, 1775)","(Bytyçi et al., 2022)"
145,Lepidoptera,Geomentriade,"Idaea rubraria (Staudinger, 1901)","(Bytyçi et al., 2022)"
146,Lepidoptera,Geomentriade,"Idaea rufaria (Hübner, 1799)","(Bytyçi et al., 2022)"
147,Lepidoptera,Geomentriade,"Idaea rusticata (Denis & Schiffermüller, 1775)","(Bytyçi et al., 2022)"
148,Lepidoptera,Geomentriade,"Idaea serpentata (Hufnagel, 1767)","(Bytyçi et al., 2022)"
149,Lepidoptera,Geomentriade,"Idaea straminata (Borkhausen, 1794)","(Bytyçi et al., 2022)"
150,Lepidoptera,Geomentriade,"Idaea subsericeata (Haworth, 1809)","(Bytyçi et al., 2022)"
151,Lepidoptera,Geomentriade,"Isturgia arenacearia (Denis & Schiffermüller, 1775)","(Bytyçi et al., 2022)"
152,Lepidoptera,Geomentriade,"Isturgia limbaria (Fabricius, 1775)","(Bytyçi et al., 2022)"
153,Lepidoptera,Geomentriade,"Isturgia murinaria (Denis & Schiffermüller, 1775)","(Bytyçi et al., 2022)"
154,Lepidoptera,Geomentriade,"Lampropteryx suffumata (Denis & Schiffermüller, 1775)","(Bytyçi et al., 2022)"
155,Lepidoptera,Geomentriade,"Ligdia adustata (Denis & Schiffermüller, 1775)","(Bytyçi et al., 2022)"
156,Lepidoptera,Geomentriade,"Lithostege farinata (Hufnagel, 1767)","(Bytyçi et al., 2022)"
157,Lepidoptera,Geomentriade,"Lomaspilis marginata (Linnaeus, 1758)","(Bytyçi et al., 2022)"
158,Lepidoptera,Geomentriade,"Lomographa bimaculata (Fabricius, 1775)","(Bytyçi et al., 2022)"
159,Lepidoptera,Geomentriade,"Lycia graecarius (Staudinger, 1861)","(Bytyçi et al., 2022)"
160,Lepidoptera,Geomentriade,"Lycia hirtaria (Clerck, 1759)","(Bytyçi et al., 2022)"
161,Lepidoptera,Geomentriade,"Lycia pomonaria (Hübner, 1790)","(Bytyçi et al., 2022)"
162,Lepidoptera,Geomentriade,"Lythria cruentaria (Hufnagel, 1767)","(Bytyçi et al., 2022)"
163,Lepidoptera,Geomentriade,"Lythria purpuraria (Linnaeus, 1758)","(Bytyçi et al., 2022)"
164,Lepidoptera,Geomentriade,"Macaria alternata (Denis & Schiffermüller, 1775)","(Bytyçi et al., 2022)"
165,Lepidoptera,Geomentriade,"Macaria liturata (Clerck, 1759)","(Bytyçi et al., 2022)"
166,Lepidoptera,Geomentriade,"Macaria notata (Linnaeus, 1758)","(Bytyçi et al., 2022)"
167,Lepidoptera,Geomentriade,"Melanthia procellata (Denis & Schiffermüller, 1775)","(Bytyçi et al., 2022)"
168,Lepidoptera,Geomentriade,"Mesoleuca albicillata (Linnaeus, 1758)","(Bytyçi et al., 2022)"
169,Lepidoptera,Geomentriade,"Mesotype didymata (Linnaeus, 1758)","(Bytyçi et al., 2022)"
170,Lepidoptera,Geomentriade,"Mesotype verberata (Scopoli, 1763)","(Bytyçi et al., 2022)"
171,Lepidoptera,Geomentriade,"Minoa murinata (Scopoli, 1763)","(Bytyçi et al., 2022)"
172,Lepidoptera,Geomentriade,"Narraga tessularia (Metzner, 1845)","(Bytyçi et al., 2022)"
173,Lepidoptera,Geomentriade,"Nebula achromaria (de La Harpe, 1853)","(Bytyçi et al., 2022)"
174,Lepidoptera,Geomentriade,"Nebula nebulata (Treitschke, 1828)","(Bytyçi et al., 2022)"
175,Lepidoptera,Geomentriade,"Neognopharmia stevenaria (Boisduval, 1840)","(Bytyçi et al., 2022)"
176,Lepidoptera,Geomentriade,"Nychiodes dalmatina Wagner, 1909","(Bytyçi et al., 2022)"
177,Lepidoptera,Geomentriade,"Odontopera bidentata (Clerck, 1759)","(Bytyçi et al., 2022)"
178,Lepidoptera,Geomentriade,"Operophtera brumata (Linnaeus, 1758)","(Bytyçi et al., 2022)"
179,Lepidoptera,Geomentriade,"Opisthograptis luteolata (Linnaeus, 1758)","(Bytyçi et al., 2022)"
180,Lepidoptera,Geomentriade,"Orthonama obstipata (Fabricius, 1794)","(Bytyçi et al., 2022)"
181,Lepidoptera,Geomentriade,"Ourapteryx sambucaria (Linnaeus, 1758)","(Bytyçi et al., 2022)"
182,Lepidoptera,Geomentriade,"Pasiphila rectangulata (Linnaeus, 1758)","(Bytyçi et al., 2022)"
183,Lepidoptera,Geomentriade,"Perconia strigillaria (Hübner, 1787)","(Bytyçi et al., 2022)"
184,Lepidoptera,Geomentriade,"Peribatodes correptaria (Zeller, 1847)","(Bytyçi et al., 2022)"
185,Lepidoptera,Geomentriade,"Peribatodes rhomboidaria (Denis & Schiffermüller, 1775)","(Bytyçi et al., 2022)"
186,Lepidoptera,Geomentriade,"Peribatodes umbraria (Hübner, 1809)","(Bytyçi et al., 2022)"
187,Lepidoptera,Geomentriade,"Perizoma affinitata (Stephens, 1831)","(Bytyçi et al., 2022)"
188,Lepidoptera,Geomentriade,"Perizoma albulata (Denis & Schiffermüller, 1775)","(Bytyçi et al., 2022)"
189,Lepidoptera,Geomentriade,"Perizoma blandiata (Denis & Schiffermüller, 1775)","(Bytyçi et al., 2022)"
190,Lepidoptera,Geomentriade,"Perizoma incultaria (Herrich-Schaffer, 1848)","(Bytyçi et al., 2022)"
191,Lepidoptera,Geomentriade,"Perizoma lugdunaria (Herrich-Schaffer, 1855)","(Bytyçi et al., 2022)"
192,Lepidoptera,Geomentriade,"Perizoma minorata (Treitschke, 1828)","(Bytyçi et al., 2022)"
193,Lepidoptera,Geomentriade,"Petrophora chlorosata (Scopoli, 1763)","(Bytyçi et al., 2022)"
194,Lepidoptera,Geomentriade,"Phaiogramma etruscaria (Zeller, 1849)","(Bytyçi et al., 2022)"
195,Lepidoptera,Geomentriade,"Phigalia pilosaria (Denis & Schiffermüller, 1775)","(Bytyçi et al., 2022)"
196,Lepidoptera,Geomentriade,"Philereme transversata (Hufnagel, 1767)","(Bytyçi et al., 2022)"
197,Lepidoptera,Geomentriade,"Plagodis dolabraria (Linnaeus, 1767)","(Bytyçi et al., 2022)"
198,Lepidoptera,Geomentriade,"Plagodis pulveraria (Linnaeus, 1758)","(Bytyçi et al., 2022)"
199,Lepidoptera,Geomentriade,"Protorhoe corollaria (Herrich-Schaffer, 1848)","(Bytyçi et al., 2022)"
200,Lepidoptera,Geomentriade,Pseudopanthera macularia (Fabricius 1775),"(Bytyçi et al., 2022)"
201,Lepidoptera,Geomentriade,"Pseudoterpna pruinata (Hufnagel, 1767)","(Bytyçi et al., 2022)"
202,Lepidoptera,Geomentriade,"Psodos canaliculata (Hochenwarth, 1785)","(Bytyçi et al., 2022)"
203,Lepidoptera,Geomentriade,"Pungeleria capreolaria (Denis & Schiffermüller, 1775)","(Bytyçi et al., 2022)"
204,Lepidoptera,Geomentriade,"Rhodometra sacraria (Linnaeus, 1767)","(Bytyçi et al., 2022)"
205,Lepidoptera,Geomentriade,"Rhodostrophia calabra (Petagna, 1786)","(Bytyçi et al., 2022)"
206,Lepidoptera,Geomentriade,Rhodostrophia discopunctata Amsel 1935,"(Bytyçi et al., 2022)"
207,Lepidoptera,Geomentriade,"Rhodostrophia vibicaria (Clerck, 1759)","(Bytyçi et al., 2022)"
208,Lepidoptera,Geomentriade,"Schistostege decussata (Denis & Schiffermüller, 1775)","(Bytyçi et al., 2022)"
209,Lepidoptera,Geomentriade,"Scopula confinaria (Herrich-Schäffer, 1847)","(Bytyçi et al., 2022)"
210,Lepidoptera,Geomentriade,"Scopula decorata (Denis & Schiffermüller, 1775)","(Bytyçi et al., 2022)"
211,Lepidoptera,Geomentriade,"Scopula imitaria (Hübner, 1799)","(Bytyçi et al., 2022)"
212,Lepidoptera,Geomentriade,"Scopula immorata (Linnaeus, 1758)","(Bytyçi et al., 2022)"
213,Lepidoptera,Geomentriade,"Scopula immutata (Linnaeus, 1758)","(Bytyçi et al., 2022)"
214,Lepidoptera,Geomentriade,"Scopula incanata (Linnaeus, 1758)","(Bytyçi et al., 2022)"
215,Lepidoptera,Geomentriade,"Scopula marginepunctata (Goeze, 1781)","(Bytyçi et al., 2022)"
216,Lepidoptera,Geomentriade,"Scopula nigropunctata (Hufnagel, 1767)","(Bytyçi et al., 2022)"
217,Lepidoptera,Geomentriade,"Scopula ornata (Scopoli, 1763)","(Bytyçi et al., 2022)"
218,Lepidoptera,Geomentriade,"Scopula rubiginata (Hufnagel, 1767)","(Bytyçi et al., 2022)"
219,Lepidoptera,Geomentriade,"Scopula ternata Schrank, 1802","(Bytyçi et al., 2022)"
220,Lepidoptera,Geomentriade,"Scopula tessellaria (Boisduval, 1840)","(Bytyçi et al., 2022)"
221,Lepidoptera,Geomentriade,"Scotopteryx bipunctaria (Denis & Schiffermüller, 1775)","(Bytyçi et al., 2022)"
222,Lepidoptera,Geomentriade,Scotopteryx chenopodiata (van Nieukerken et al. 2011),"(Bytyçi et al., 2022)"
223,Lepidoptera,Geomentriade,"Scotopteryx coarctaria (Denis & Schiffermüller, 1775)","(Bytyçi et al., 2022)"
224,Lepidoptera,Geomentriade,"Scotopteryx luridata (Hufnagel, 1767)","(Bytyçi et al., 2022)"
225,Lepidoptera,Geomentriade,"Scotopteryx moeniata (Scopoli, 1763)","(Bytyçi et al., 2022)"
226,Lepidoptera,Geomentriade,"Scotopteryx mucronata (Scopoli, 1763)","(Bytyçi et al., 2022)"
227,Lepidoptera,Geomentriade,"Selenia dentaria (Fabricius, 1775)","(Bytyçi et al., 2022)"
228,Lepidoptera,Geomentriade,"Selenia lunularia (Hübner, 1788)","(Bytyçi et al., 2022)"
229,Lepidoptera,Geomentriade,"Selenia tetralunaria (Hufnagel, 1767)","(Bytyçi et al., 2022)"
230,Lepidoptera,Geomentriade,"Selidosema plumaria (Denis & Schiffermüller, 1775)","(Bytyçi et al., 2022)"
231,Lepidoptera,Geomentriade,"Siona lineata (Scopoli, 1763)","(Bytyçi et al., 2022)"
232,Lepidoptera,Geomentriade,"Spargania luctuata (Denis & Schiffermüller, 1775)","(Bytyçi et al., 2022)"
233,Lepidoptera,Geomentriade,"Stegania dilectaria (Hübner, 1790)","(Bytyçi et al., 2022)"
234,Lepidoptera,Geomentriade,"Synopsia sociaria (Hübner, 1799)","(Bytyçi et al., 2022)"
235,Lepidoptera,Geomentriade,"Thalera fimbrialis (Scopoli, 1763)","(Bytyçi et al., 2022)"
236,Lepidoptera,Geomentriade,"Thera variata (Denis & Schiffermüller, 1775)","(Bytyçi et al., 2022)"
237,Lepidoptera,Geomentriade,"Thera vetustata (Denis & Schiffermüller, 1775)","(Bytyçi et al., 2022)"
238,Lepidoptera,Geomentriade,"Therapis flavicaria (Denis & Schiffermüller, 1775)","(Bytyçi et al., 2022)"
239,Lepidoptera,Geomentriade,"Thetidia smaragdaria (Fabricius, 1787)","(Bytyçi et al., 2022)"
240,Lepidoptera,Geomentriade,"Timandra comae Schmidt, 1931","(Bytyçi et al., 2022)"
241,Lepidoptera,Geomentriade,"Triphosa dubitata (Linnaeus, 1758)","(Bytyçi et al., 2022)"
242,Lepidoptera,Geomentriade,"Triphosa sabaudiata (Duponchel, 1830)","(Bytyçi et al., 2022)"
243,Lepidoptera,Geomentriade,"Xanthorhoe designata (Hufnagel, 1767)","(Bytyçi et al., 2022)"
244,Lepidoptera,Geomentriade,"Xanthorhoe ferrugata (Clerck, 1759)","(Bytyçi et al., 2022)"
245,Lepidoptera,Geomentriade,"Xanthorhoe fluctuata (Linnaeus, 1758)","(Bytyçi et al., 2022)"
246,Lepidoptera,Geomentriade,"Xanthorhoe montanata (Denis & Schiffermüller, 1775)","(Bytyçi et al., 2022)"
247,Lepidoptera,Geomentriade,"Xanthorhoe spadicearia (Denis & Schiffermüller, 1775)","(Bytyçi et al., 2022)"
248,Lepidoptera,Geomentriade,"Yezognophos vittaria (Thunberg, 1788)","(Bytyçi et al., 2022)"
249,Lepidoptera,Hesperiidae,"Carcharodus alceae (Esper, 1780)","(Zhushi Etemi et al., 2018)"
250,Lepidoptera,Hesperiidae,"Carcharodus floccifera (Zeller, 1847)","(Zhushi Etemi et al., 2018)"
251,Lepidoptera,Hesperiidae,"Carcharodus lavatherae (Esper, 1783)","(Bytyçi et al., 2023)"
252,Lepidoptera,Hesperiidae,"Carterocephalus palaemon (Pallas, 1771)","(Bytyçi et al., 2023)"
253,Lepidoptera,Hesperiidae,"Erynnis tages (Linnaeus, 1758)","(Zhushi Etemi et al., 2020)"
254,Lepidoptera,Hesperiidae,"Hesperia comma (Linnaeus, 1758)","(Zhushi Etemi et al., 2018)"
255,Lepidoptera,Hesperiidae,"Heteropterus morpheus (Pallas, 1771)","(Kabashi-Kastrati et al., 2022)"
256,Lepidoptera,Hesperiidae,"Ochlodes sylvanus (Esper, 1761)","(Zhushi Etemi et al., 2018)"
257,Lepidoptera,Hesperiidae,"Pyrgus andromedae (Wallengren, 1853)","(Bytyçi et al., 2023)"
258,Lepidoptera,Hesperiidae,"Pyrgus armoricanus (Oberthur, 1910)","(Zhushi Etemi et al., 2018)"
259,Lepidoptera,Hesperiidae,"Pyrgus malvae (Linnaeus, 1758)","(Zhushi Etemi et al., 2018)"
260,Lepidoptera,Hesperiidae,"Pyrgus serratulae (Rambur, 1839)","(Bytyçi et al., 2023)"
261,Lepidoptera,Hesperiidae,"Pyrgus sidae (Esper, 1784)","(Zhushi Etemi et al., 2018)"
262,Lepidoptera,Hesperiidae,"Spialia orbifer (Hübner, 1823)","(Zhushi Etemi et al., 2018)"
263,Lepidoptera,Hesperiidae,"Thymelicus acteon (von Rottemburg, 1775)","(Bytyçi et al., 2023)"
264,Lepidoptera,Hesperiidae,"Thymelicus lineola (Ochsenheimer, 1808)","(Bytyçi et al., 2023)"
265,Lepidoptera,Hesperiidae,"Thymelicus sylvestris (Poda, 1761)","(Zhushi Etemi et al., 2020)"
266,Lepidoptera,Lycaenidae,"Aricia agestis (Denis & Schiffermüller, 1775)","(Zhushi Etemi et al., 2018)"
267,Lepidoptera,Lycaenidae,"Aricia anteros (Freyer, 1838)","(Bytyçi et al., 2023)"
268,Lepidoptera,Lycaenidae,"Aricia eumedon (Esper, 1838)","(Bytyçi et al., 2023)"
269,Lepidoptera,Lycaenidae,"Callophrys rubi (Linnaeus, 1758)","(Zhushi Etemi et al., 2018)"
270,Lepidoptera,Lycaenidae,"Celastrina argiolus (Linnaeus, 1758)","(Zhushi Etemi et al., 2018)"
271,Lepidoptera,Lycaenidae,"Cupido alcetas (Hoffmannsegg, 1804)","(Bytyçi et al., 2023)"
272,Lepidoptera,Lycaenidae,"Cupido argiades (Pallas, 1771)","(Zhushi Etemi et al., 2018)"
273,Lepidoptera,Lycaenidae,"Cupido decolorata (Staudinger, 1886)","(Zhushi Etemi et al., 2018)"
274,Lepidoptera,Lycaenidae,"Cupido minimus Fuessly, 1775","(Zhushi Etemi et al., 2018)"
275,Lepidoptera,Lycaenidae,"Cupido osiris (Meigen, 1828)","(Zhushi Etemi et al., 2020)"
276,Lepidoptera,Lycaenidae,"Cyaniris semiargus (von Rottemburg, 1775)","(Bytyçi et al., 2023)"
277,Lepidoptera,Lycaenidae,"Glaucopsyche alexis (Poda, 1761)","(Zhushi Etemi et al., 2018)"
278,Lepidoptera,Lycaenidae,"Lampides boeticus (Linnaeus, 1767)","(Zhushi Etemi et al., 2018)"
279,Lepidoptera,Lycaenidae,"Leptotes pirithous (Linnaeus, 1767)","(Zhushi Etemi et al., 2020)"
280,Lepidoptera,Lycaenidae,"Lycaena alciphron (von Rottemburg, 1775)","(Zhushi Etemi et al., 2018)"
281,Lepidoptera,Lycaenidae,"Lycaena candens (Herrich-Schäffer, 1844)","(Bytyçi et al., 2023)"
282,Lepidoptera,Lycaenidae,"Lycaena dispar (Haworth, 1802","(Zhushi Etemi et al., 2018)"
283,Lepidoptera,Lycaenidae,"Lycaena phlaeas (Linnaeus, 1761)","(Zhushi Etemi et al., 2018)"
284,Lepidoptera,Lycaenidae,"Lycaena thersamon (Esper, 1784)","(Zhushi Etemi et al., 2018)"
285,Lepidoptera,Lycaenidae,"Lycaena tityrus (Poda, 1761)","(Zhushi Etemi et al., 2018)"
286,Lepidoptera,Lycaenidae,"Lycaena virgaureae (Linnaeus, 1758)","(Zhushi Etemi et al., 2020)"
287,Lepidoptera,Lycaenidae,"Phengaris alcon (Denis & Schiffermüller, 1775)","(Bytyçi et al., 2023)"
288,Lepidoptera,Lycaenidae,"Phengaris arion (Linnaeus, 1758)","(Bytyçi et al., 2023)"
289,Lepidoptera,Lycaenidae,"Plebejus argus (Linnaeus, 1758)","(Zhushi Etemi et al., 2018)"
290,Lepidoptera,Lycaenidae,"Plebejus argyrognomon (Bergsträsser, 1779)","(Zhushi Etemi et al., 2018)"
291,Lepidoptera,Lycaenidae,"Plebejus idas (Linnaeus, 1761)","(Bytyçi et al., 2023)"
292,Lepidoptera,Lycaenidae,"Plebejus pylaon (Fischer von Waldheim, 1832)","(Bytyçi et al., 2023)"
293,Lepidoptera,Lycaenidae,"Plebejus sephirus (Frivaldszky, 1835)","(Bytyçi et al., 2023)"
294,Lepidoptera,Lycaenidae,"Polyommatus amandus (Schneider, 1792)","(Zhushi Etemi et al., 2018)"
295,Lepidoptera,Lycaenidae,"Polyommatus bellargus (Rottemburg, 1775)","(Zhushi Etemi et al., 2018)"
296,Lepidoptera,Lycaenidae,"Polyommatus coridon (Poda, 1761)","(Zhushi Etemi et al., 2018)"
297,Lepidoptera,Lycaenidae,"Polyommatus daphnis (Denis & Schiffermüller, 1775)","(Zhushi Etemi et al., 2018)"
298,Lepidoptera,Lycaenidae,"Polyommatus dorylas (Denis & Schiffermüller, 1775)","(Bytyçi et al., 2023)"
299,Lepidoptera,Lycaenidae,"Polyommatus eros (Ochsenheimer, 1808)","(Bytyçi et al., 2023)"
300,Lepidoptera,Lycaenidae,"Polyommatus icarus (von Rottemburg, 1775)","(Zhushi Etemi et al., 2018)"
301,Lepidoptera,Lycaenidae,"Polyommatus thersites (Cantener, 1835)","(Zhushi Etemi et al., 2020)"
302,Lepidoptera,Lycaenidae,"Pseudophilotes bavius (Eversmann, 1832)","(Bytyçi et al., 2023)"
303,Lepidoptera,Lycaenidae,"Pseudophilotes vicrama (Moore, 1865)","(Zhushi Etemi et al., 2020)"
304,Lepidoptera,Lycaenidae,"Satyrium acaciae (Fabricius, 1787)","(Bytyçi et al., 2023)"
305,Lepidoptera,Lycaenidae,"Satyrium ilicis (Esper, 1779)","(Zhushi Etemi et al., 2020)"
306,Lepidoptera,Lycaenidae,"Satyrium spini (Denis & Schiffermüller, 1775)","(Bytyçi et al., 2023)"
307,Lepidoptera,Lycaenidae,"Scolitantides orion (Pallas, 1771)","(Zhushi Etemi et al., 2018)"
308,Lepidoptera,Lycaenidae,"Thecla betulae (Linnaeus, 1758)","(Zhushi Etemi et al., 2020)"
309,Lepidoptera,Noctuidae,"Acronicta  psi (Linnaeus, 1758)","(Musliu et al., 2021)"
310,Lepidoptera,Noctuidae,"Aegle kaekeritziana (Hübner, 1799)","(Musliu et al., 2021)"
311,Lepidoptera,Noctuidae,"Aegle semicana (Esper, 1798)","(Musliu et al., 2021)"
312,Lepidoptera,Noctuidae,"Agrotis exclamationis (Linnaeus, 1758)","(Musliu et al., 2021)"
313,Lepidoptera,Noctuidae,"Amphipyra tragopoginis (Clerck, 1759)","(Musliu et al., 2021)"
314,Lepidoptera,Noctuidae,"Atypha pulmonaris (Esper, 1790)","(Musliu et al., 2021)"
315,Lepidoptera,Noctuidae,"Autographa gamma (Linnaeus, 1758)","(Musliu et al., 2021)"
316,Lepidoptera,Noctuidae,"Autographa pulchrina (Haworth, 1809)","(Musliu et al., 2021)"
317,Lepidoptera,Noctuidae,"Axylia putris (Linnaeus, 1761)","(Musliu et al., 2021)"
318,Lepidoptera,Noctuidae,"Calophasia lunula (Hufnagel, 1766)","(Musliu et al., 2021)"
319,Lepidoptera,Noctuidae,"Colocasia coryli (Linnaeus, 1758)","(Musliu et al., 2021)"
320,Lepidoptera,Noctuidae,"Cosmia affinis (Linnaeus, 1767)","(Musliu et al., 2021)"
321,Lepidoptera,Noctuidae,"Cosmia diffinis (Linnaeus, 1767)","(Musliu et al., 2021)"
322,Lepidoptera,Noctuidae,"Cosmia trapezina (Linnaeus, 1758)","(Musliu et al., 2021)"
323,Lepidoptera,Noctuidae,"Craniophora ligustri (Denis & Schiffermüller, 1775)","(Musliu et al., 2021)"
324,Lepidoptera,Noctuidae,"Diachrysia chrysitis (Linnaeus, 1758)","(Musliu et al., 2021)"
325,Lepidoptera,Noctuidae,"Dypterygia scabriuscula (Linnaeus, 1758)","(Musliu et al., 2021)"
326,Lepidoptera,Noctuidae,"Eremobia ochroleuca (Denis & Schiffermüller, 1775)","(Musliu et al., 2021)"
327,Lepidoptera,Noctuidae,"Hecatera bicolorata (Hufnagel, 1766)","(Musliu et al., 2021)"
328,Lepidoptera,Noctuidae,"Hecatera cappa Hübner, 1809","(Musliu et al., 2021)"
329,Lepidoptera,Noctuidae,"Hecatera dysodea (Denis & Schiffermüller, 1775)","(Musliu et al., 2021)"
330,Lepidoptera,Noctuidae,"Heliothis peltigera (Denis & Schiffermüller, 1775)","(Musliu et al., 2021)"
331,Lepidoptera,Noctuidae,"Heliothis viriplaca (Hufnagel, 1766)","(Musliu et al., 2021)"
332,Lepidoptera,Noctuidae,"Ipimorpha retusa (Linnaeus, 1761)","(Musliu et al., 2021)"
333,Lepidoptera,Noctuidae,"Ipimorpha subtusa (Denis & Schiffermüller, 1775)","(Musliu et al., 2021)"
334,Lepidoptera,Noctuidae,"Macdunnoughia confusa (Stephens, 1850)","(Musliu et al., 2021)"
335,Lepidoptera,Noctuidae,"Mormo maura (Linnaeus, 1758)","(Musliu et al., 2021)"
336,Lepidoptera,Noctuidae,"Mythimna ferrago Fabricius, 1787","(Musliu et al., 2021)"
337,Lepidoptera,Noctuidae,"Mythimna vitellina Hübner, 1808","(Musliu et al., 2021)"
338,Lepidoptera,Noctuidae,"Polyphaenis sericata (Esper, 1787)","(Musliu et al., 2021)"
339,Lepidoptera,Noctuidae,"Pyrrhia umbra (Hufnagel, 1766)","(Musliu et al., 2021)"
340,Lepidoptera,Noctuidae,"Sideridis rivularis Fabricius, 1775","(Musliu et al., 2021)"
341,Lepidoptera,Noctuidae,"Simyra nervosa (Denis & Schiffermüller, 1775)","(Musliu et al., 2021)"
342,Lepidoptera,Noctuidae,"Teinoptera olivina (Herrich-Schäffer, 1852)","(Musliu et al., 2021)"
343,Lepidoptera,Nymphalidae,"Agalis urticae (Linaeus, 1758)","(Zhushi Etemi et al., 2017)"
344,Lepidoptera,Nymphalidae,"Aglais io (Linnaeus, 1758)","(Zhushi Etemi et al., 2018)"
345,Lepidoptera,Nymphalidae,"Aglais urticae (Linnaeus, 1758)","(Zhushi Etemi et al., 2018)"
346,Lepidoptera,Nymphalidae,"Apatura ilia (Denis & Schiffermüller, 1775)","(Zhushi Etemi et al., 2018)"
347,Lepidoptera,Nymphalidae,"Apatura iris (Linnaeus, 1758)","(Bytyçi et al., 2023)"
348,Lepidoptera,Nymphalidae,"Aphantopus hyperantus (Linnaeus, 1758)","(Zhushi Etemi et al., 2020)"
349,Lepidoptera,Nymphalidae,"Araschnia levana (Linnaeus, 1758)","(Zhushi Etemi et al., 2017)"
350,Lepidoptera,Nymphalidae,"Arethusana arethusa (Denis & Schiffermüller, 1775)","(Zhushi Etemi et al., 2017)"
351,Lepidoptera,Nymphalidae,"Argynnis adippe (Denis & Schiffermüller, 1775)","(Zhushi Etemi et al., 2020)"
352,Lepidoptera,Nymphalidae,"Argynnis aglaja (Linnaeus, 1758)","(Zhushi Etemi et al., 2017)"
353,Lepidoptera,Nymphalidae,"Argynnis niobe (Linnaeus, 1758)","(Zhushi Etemi et al., 2017)"
354,Lepidoptera,Nymphalidae,"Argynnis pandora (Denis & Schiffermüller, 1775)","(Zhushi Etemi et al., 2018)"
355,Lepidoptera,Nymphalidae,"Argynnis paphia (Linnaeus, 1758)","(Zhushi Etemi et al., 2017)"
356,Lepidoptera,Nymphalidae,"Boloria dia (Linnaeus, 1767)","(Zhushi Etemi et al., 2017)"
357,Lepidoptera,Nymphalidae,"Boloria euphrosyne (Linnaeus, 1758)","(Zhushi Etemi et al., 2017)"
358,Lepidoptera,Nymphalidae,"Brenthis daphne (Bergsträsser, 1780)","(Zhushi Etemi et al., 2017)"
359,Lepidoptera,Nymphalidae,"Brenthis hecate (Denis & Schiffermüller, 1775)","(Zhushi Etemi et al., 2017)"
360,Lepidoptera,Nymphalidae,"Brenthis ino (von Rottemburg, 1775)","(Bytyçi et al., 2023)"
361,Lepidoptera,Nymphalidae,"Brintesia circe (Fabricius, 1775)","(Zhushi Etemi et al., 2018)"
362,Lepidoptera,Nymphalidae,"Chazara briseis (Linnaeus, 1764)","(Zhushi Etemi et al., 2017)"
363,Lepidoptera,Nymphalidae,"Coenonympha arcania (Linnaeus, 1761)","(Zhushi Etemi et al., 2017)"
364,Lepidoptera,Nymphalidae,"Coenonympha leander (Esper, 1784)","(Zhushi Etemi et al., 2020)"
365,Lepidoptera,Nymphalidae,"Coenonympha pamphilus (Linnaeus, 1758)","(Zhushi Etemi et al., 2017)"
366,Lepidoptera,Nymphalidae,"Coenonympha rhodopensis (Esper, 1784)","(Zhushi Etemi et al., 2020)"
367,Lepidoptera,Nymphalidae,"Erebia alberganus (De Prunner, 1879)","(Kabashi-Kastrati et al., 2022)"
368,Lepidoptera,Nymphalidae,"Erebia euryale (Esper, 1805)","(Bytyçi et al., 2023)"
369,Lepidoptera,Nymphalidae,"Erebia ligea (Linnaeus, 1758)","(Bytyçi et al., 2023)"
370,Lepidoptera,Nymphalidae,"Erebia medusa (Denis & Schiffermüller, 1775)","(Zhushi Etemi et al., 2020)"
371,Lepidoptera,Nymphalidae,"Erebia oeme (Hübner, 1804)","(Bytyçi et al., 2023)"
372,Lepidoptera,Nymphalidae,"Erebia ottomana Herrich-Schäffer, 1847","(Bytyçi et al., 2023)"
373,Lepidoptera,Nymphalidae,"Euphydryas aurinia (Rottemburg, 1775)","(Bytyçi et al., 2023)"
374,Lepidoptera,Nymphalidae,"Euphydryas maturna (Linnaeus, 1758)","(Bytyçi et al., 2023)"
375,Lepidoptera,Nymphalidae,"Hipparchia fagi Scopoli, 1763","(Zhushi Etemi et al., 2017)"
376,Lepidoptera,Nymphalidae,"Hipparchia fatua (Freyer, 1844)","(Zhushi Etemi et al., 2017)"
377,Lepidoptera,Nymphalidae,"Hipparchia semele (Linnaeus, 1758)","(Zhushi Etemi et al., 2020)"
378,Lepidoptera,Nymphalidae,"Hipparchia statilinus Hufnagel, 1766","(Zhushi Etemi et al., 2017)"
379,Lepidoptera,Nymphalidae,"Hipparchia syriaca (Staudinger, 1871)","(Zhushi Etemi et al., 2017)"
380,Lepidoptera,Nymphalidae,"Hipparchia volgensis (Mazochin- Porshnjakov, 1952)","(Zhushi Etemi et al., 2017)"
381,Lepidoptera,Nymphalidae,"Hyponephele lupines (Costa, 1836)","(Zhushi Etemi et al., 2018)"
382,Lepidoptera,Nymphalidae,"Issoria lathonia (Linnaeus, 1758)","(Zhushi Etemi et al., 2017)"
383,Lepidoptera,Nymphalidae,"Kirinia roxelana (Cramer, 1777)","(Zhushi Etemi et al., 2017)"
384,Lepidoptera,Nymphalidae,"Lasiommata maera (Linnaeus, 1758)","(Bytyçi et al., 2023)"
385,Lepidoptera,Nymphalidae,"Lasiommata megera (Linnaeus, 1767)","(Zhushi Etemi et al., 2017)"
386,Lepidoptera,Nymphalidae,"Lasiommata petropolitana (Linnaeus, 1767)","(Bytyçi et al., 2023)"
387,Lepidoptera,Nymphalidae,"Limenitis populi (Linnaeus, 1758)","(Bytyçi et al., 2023)"
388,Lepidoptera,Nymphalidae,"Limenitis reducta Staudinger, 1901","(Zhushi Etemi et al., 2017)"
389,Lepidoptera,Nymphalidae,"Maniola jurtina (Linnaeus, 1758)","(Zhushi Etemi et al., 2017)"
390,Lepidoptera,Nymphalidae,"Melanargia galathea (Linnaeus, 1758)","(Zhushi Etemi et al., 2017)"
391,Lepidoptera,Nymphalidae,"Melanargia larissa Geyer, 1828","(Zhushi Etemi et al., 2017)"
392,Lepidoptera,Nymphalidae,"Melanargia russiae (Esper, 1783)","(Zhushi Etemi et al., 2017)"
393,Lepidoptera,Nymphalidae,"Melitaea athalia (Rottemburg, 1775)","(Zhushi Etemi et al., 2017)"
394,Lepidoptera,Nymphalidae,"Melitaea aurelia (Nickerl, 1850)","(Zhushi Etemi et al., 2018)"
395,Lepidoptera,Nymphalidae,"Melitaea cinxia (Linnaeus, 1758)","(Zhushi Etemi et al., 2017)"
396,Lepidoptera,Nymphalidae,"Melitaea diamina (Lang, 1789)","(Zhushi Etemi et al., 2020)"
397,Lepidoptera,Nymphalidae,"Melitaea didyma Esper, 1778","(Zhushi Etemi et al., 2017)"
398,Lepidoptera,Nymphalidae,"Melitaea phoebe (Denis & Schiffermüller, 1775)","(Zhushi Etemi et al., 2017)"
399,Lepidoptera,Nymphalidae,"Melitaea trivia (Denis & Schiffermüller, 1775)","(Zhushi Etemi et al., 2017)"
400,Lepidoptera,Nymphalidae,"Minois dryas (Scopoli, 1763)","(Zhushi Etemi et al., 2020)"
401,Lepidoptera,Nymphalidae,"Neptis sappho (Pallas, 1771)","(Bytyçi et al., 2023)"
402,Lepidoptera,Nymphalidae,"Nymphalis antiopa (Linnaeus, 1758)","(Zhushi Etemi et al., 2020)"
403,Lepidoptera,Nymphalidae,"Pararge aegeria (Linnaeus, 1758)","(Zhushi Etemi et al., 2020)"
404,Lepidoptera,Nymphalidae,"Polygonia c-album (Linnaeus, 1758)","(Zhushi Etemi et al., 2017)"
405,Lepidoptera,Nymphalidae,"Pyronia tithonus (Linnaeus, 1758)","(Zhushi Etemi et al., 2018)"
406,Lepidoptera,Nymphalidae,"Vanessa atalanta (Linnaeus, 1758)","(Zhushi Etemi et al., 2017)"
407,Lepidoptera,Nymphalidae,"Vanessa cardui (Linnaeus, 1758)","(Zhushi Etemi et al., 2017)"
408,Lepidoptera,Papilonidae,"Iphiclides podalirius (Linnaeus, 1758)","(Zhushi Etemi et al., 2018)"
409,Lepidoptera,Papilonidae,"Papilio machon (Linnaeus, 1758)","(Zhushi Etemi et al., 2018)"
410,Lepidoptera,Papilonidae,"Parnassius apollo (Linnaeus, 1758)","(Koren et al., 2021)"
411,Lepidoptera,Papilonidae,"Parnassius mnemosyne (Linnaeus, 1758)","(Zhushi Etemi et al., 2018)"
412,Lepidoptera,Papilonidae,"Zerynthia cerisy (Godart, 1824)","(Zhushi Etemi et al., 2020)"
413,Lepidoptera,Papilonidae,"Zerynthia polyxena (Denis & Schiffermüller, 1775)","(Zhushi Etemi et al., 2018)"
414,Lepidoptera,Pieridae,"Anthocharis cardamines (Linnaeus, 1758)","(Zhushi Etemi et al., 2018)"
415,Lepidoptera,Pieridae,"Aporia crataegi (Linnaeus, 1758)","(Zhushi Etemi et al., 2018)"
416,Lepidoptera,Pieridae,"Colias alfacariensis (Berger, 1948)","(Zhushi Etemi et al., 2018)"
417,Lepidoptera,Pieridae,"Colias crocea (Geoffroy, 1785)","(Zhushi Etemi et al., 2018)"
418,Lepidoptera,Pieridae,"Colias hyale (Linnaeus, 1758)","(Zhushi Etemi et al., 2020)"
419,Lepidoptera,Pieridae,"Euchloe ausonia (Hübner, 1803)","(Zhushi Etemi et al., 2018)"
420,Lepidoptera,Pieridae,"Gonepteryx rhamni (Linnaeus, 1758)","(Zhushi Etemi et al., 2018)"
421,Lepidoptera,Pieridae,"Leptidea duponcheli (Staudinger, 1871)","(Zhushi Etemi et al., 2018)"
422,Lepidoptera,Pieridae,"Leptidea sinapis/juvernica (Linnaeus, 1758)","(Zhushi Etemi et al., 2018)"
423,Lepidoptera,Pieridae,"Pieris balcana Lorkovic, 1970","(Zhushi Etemi et al., 2020)"
424,Lepidoptera,Pieridae,"Pieris brassicae (Linnaeus, 1758)","(Zhushi Etemi et al., 2018)"
425,Lepidoptera,Pieridae,"Pieris ergane (Geyer, 1828)","(Zhushi Etemi et al., 2018)"
426,Lepidoptera,Pieridae,"Pieris manni (Mayer, 1851)","(Zhushi Etemi et al., 2018)"
427,Lepidoptera,Pieridae,"Pieris napi (Linnaeus, 1758)","(Zhushi Etemi et al., 2018)"
428,Lepidoptera,Pieridae,"Pieris rape (Linnaeus, 1758)","(Zhushi Etemi et al., 2018)"
429,Lepidoptera,Pieridae,"Pontia edusa (Fabricius, 1777)","(Zhushi Etemi et al., 2020)"
430,Lepidoptera,Riodinidae,"Hamearis lucina (Linnaeus, 1758)","(Zhushi Etemi et al., 2020)"
431,Lepidoptera,Sphingidae ,"Acherontia atropos (Linnaeus, 1758)","(Bytyçi et al., 2022)"
432,Lepidoptera,Sphingidae ,"Agrius convolvuli (Linnaeus, 1758).","(Bytyçi et al., 2022)"
433,Lepidoptera,Sphingidae ,"Daphnis nerii (Linnaeus, 1758)","(Bytyçi et al., 2022)"
434,Lepidoptera,Sphingidae ,"Deilephila elpenor (Linnaeus, 1758)","(Bytyçi et al., 2022)"
435,Lepidoptera,Sphingidae ,"Deilephila porcellus (Linnaeus, 1758)","(Bytyçi et al., 2022)"
436,Lepidoptera,Sphingidae ,"Hyles euphorbiae (Linnaeus, 1758)","(Bytyçi et al., 2022)"
437,Lepidoptera,Sphingidae ,"Hyles livornica (Esper, 1780)","(Bytyçi et al., 2022)"
438,Lepidoptera,Sphingidae ,"Laothoe populi (Linnaeus, 1758)","(Bytyçi et al., 2022)"
439,Lepidoptera,Sphingidae ,"Macroglossum stellatarum (Linnaeus, 1758)","(Bytyçi et al., 2022)"
440,Lepidoptera,Sphingidae ,"Marumba quercus (Denis & Schiffermüller, 1775)","(Bytyçi et al., 2022)"
441,Lepidoptera,Sphingidae ,"Mimas tiliae (Linnaeus, 1758)","(Bytyçi et al., 2022)"
442,Lepidoptera,Sphingidae ,"Smerinthus ocellata (Linnaeus, 1758)","(Bytyçi et al., 2022)"
443,Lepidoptera,Zygaenidae ,"Adscita geryon (Hübner, 1813)","(Bytyçi et al., 2023)"
444,Lepidoptera,Zygaenidae ,"Adscita mannii (Lederer, 1853)","(Bytyçi et al., 2023)"
445,Lepidoptera,Zygaenidae ,"Jordanita budensis (Speyer & Speyer, 1858)","(Bytyçi et al., 2023)"
446,Lepidoptera,Zygaenidae ,"Jordanita notata (Zeller, 1847)","(Bytyçi et al., 2023)"
447,Lepidoptera,Zygaenidae ,"Jordanita subsolana (Staudinger, 1862)","(Bytyçi et al., 2023)"
448,Lepidoptera,Zygaenidae ,"Zygaena carniolica Scopoli, 1763","(Bytyçi et al., 2023)"
449,Lepidoptera,Zygaenidae ,"Zygaena ephialtes (Linnaeus, 1767)","(Bytyçi et al., 2023)"
450,Lepidoptera,Zygaenidae ,"Zygaena filipendulae (Linnaeus, 1758)","(Bytyçi et al., 2023)"
451,Lepidoptera,Zygaenidae ,"Zygaena lonicerae (Scheven, 1777)","(Bytyçi et al., 2023)"
452,Lepidoptera,Zygaenidae ,"Zygaena loti (Denis & Schiffermüller, 1775)","(Bytyçi et al., 2023)"
453,Lepidoptera,Zygaenidae ,"Zygaena purpuralis Brünnich, 1763","(Bytyçi et al., 2023)"